{"epoch_loss":0.6935185591379801,"epoch":10,"_wandb":{"runtime":105},"_step":1509,"loss":0.708470344543457,"_timestamp":1.731593063034499e+09,"_runtime":104.571480468}